date,action
2023-08-26 13:56:19,commit
2023-08-26 13:31:19,commit
2023-08-26 13:18:13,commit
2023-08-26 12:57:53,commit
2023-08-26 12:25:17,commit
2023-08-26 11:56:02,commit
2023-08-26 11:30:57,commit
2023-08-26 11:11:13,commit
2023-08-26 10:55:56,commit
2023-08-26 10:31:16,commit
2023-08-26 10:13:57,commit
2023-08-26 09:55:52,commit
2023-08-26 09:31:17,commit
2023-08-26 09:12:30,commit
2023-08-26 08:56:00,commit
2023-08-26 08:31:23,commit
2023-08-26 08:16:40,commit
2023-08-26 07:55:54,commit
2023-08-26 07:31:12,commit
2023-08-26 07:12:02,commit
2023-08-26 06:56:00,commit
2023-08-26 06:31:08,commit
2023-08-26 06:17:45,commit
2023-08-26 05:55:57,commit
2023-08-26 05:31:18,commit
2023-08-26 05:12:36,commit
2023-08-26 04:55:56,commit
2023-08-26 04:31:14,commit
2023-08-26 04:08:10,commit
2023-08-26 04:04:33,commit
